{
    "endTime": "1223212321232121232",
    "numberOfFrames":5,
    "data": [
        {
            "1": [
                0,
                0,
                0,
                0,
                0,
                0,
                0,
                0,
                0,
                0,
                0,
                0
            ]
        },
        {
            "2": [
                88,
                74,
                83,
                61,
                77,
                88,
                64,
                82,
                80,
                84,
                83,
                69
            ]
        },
        {
            "3": [
                88,
                74,
                83,
                61,
                77,
                88,
                64,
                82,
                80,
                84,
                83,
                69
            ]
        },
        {
            "4": [
                88,
                74,
                83,
                61,
                77,
                88,
                64,
                82,
                80,
                84,
                83,
                69
            ]
        },
        {
            "5": [
                88,
                74,
                83,
                61,
                77,
                88,
                64,
                82,
                80,
                84,
                83,
                69
            ]
        }
    ]
}